portfolio_id,client_id,portfolio_name,inception_date,base_currency,mandate_type,aum_usd,equity_pct,fixed_income_pct,alternatives_pct,cash_pct,structured_pct,private_credit_pct,benchmark,performance_ytd,performance_inception,last_valuation_date
1,1,Carla Core,2025-09-02,USD,Discretionary,2100117.27,5.91,20.69,20.11,32.72,10.02,10.55,MSCI AC Asia Pacific,-0.039,0.1206,2025-12-31
2,2,Kevin Core,2023-08-27,USD,Discretionary,10136748.54,5.88,18.46,38.27,12.2,9.28,15.91,MSCI AC Asia Pacific,-0.0695,0.28,2025-12-31
3,2,Kevin Growth,2021-10-16,USD,Discretionary,7705998.89,12.38,16.23,20.32,7.89,36.59,6.59,MSCI AC Asia Pacific,0.0263,0.1899,2025-12-31
4,2,Kevin Income,2022-10-29,USD,Discretionary,4690376.91,4.75,19.44,28.28,19.08,15.3,13.15,MSCI AC Asia Pacific,0.2436,0.2265,2025-12-31
5,3,Levi Core,2019-11-08,USD,Discretionary,2058083.47,4.99,8.3,27.39,33.42,15.26,10.64,MSCI AC Asia Pacific,0.1456,-0.1256,2025-12-31
6,4,Lacey Core,2022-10-09,USD,Execution-Only,29630538.02,8.79,11.28,23.13,32.16,17.08,7.56,Cash + 1.5%,0.115,-0.0347,2025-12-31
7,5,Miss Core,2025-05-10,USD,Execution-Only,2517821.77,64.43,4.36,2.5,20.12,6.3,2.29,Cash + 1.5%,-0.0162,-0.3026,2025-12-31
8,6,David Core,2025-06-15,USD,Discretionary,3073676.9,25.15,16.99,14.34,26.0,7.3,10.22,MSCI AC Asia Pacific,0.1564,0.1183,2025-12-31
9,6,David Growth,2025-11-04,USD,Discretionary,13128246.94,22.06,21.51,4.52,12.53,15.57,23.81,MSCI AC Asia Pacific,0.1798,0.1096,2025-12-31
10,6,David Income,2025-05-05,USD,Discretionary,6745932.93,13.96,10.86,1.48,11.27,12.05,50.38,MSCI AC Asia Pacific,-0.0824,0.0147,2025-12-31
11,7,Nathaniel Core,2025-03-17,USD,Discretionary,6524735.44,12.2,4.27,27.23,21.35,31.69,3.26,MSCI AC Asia Pacific,0.231,0.2393,2025-12-31
12,7,Nathaniel Growth,2025-05-07,USD,Discretionary,747999.86,7.5,11.33,3.92,19.19,8.07,49.99,MSCI AC Asia Pacific,0.2854,0.1012,2025-12-31
13,8,Jorge Core,2020-03-11,USD,Discretionary,18424258.26,6.38,12.74,21.06,38.66,2.11,19.05,MSCI AC Asia Pacific,0.0989,0.2238,2025-12-31
14,9,Erica Core,2020-08-26,USD,Discretionary,6740452.06,6.83,14.51,15.17,6.61,39.65,17.23,MSCI AC Asia Pacific,-0.1697,-0.0926,2025-12-31
15,9,Erica Growth,2024-10-13,USD,Discretionary,6464903.33,6.16,25.59,28.6,19.91,12.07,7.67,MSCI AC Asia Pacific,0.1034,0.0875,2025-12-31
16,9,Erica Income,2023-07-13,USD,Discretionary,4486216.65,11.95,16.35,12.82,33.01,19.89,5.98,MSCI AC Asia Pacific,0.0792,0.0186,2025-12-31
17,10,Joseph Core,2023-08-04,USD,Execution-Only,4512038.4,14.84,27.66,11.27,28.33,7.21,10.69,Cash + 1.5%,0.2658,0.3294,2025-12-31
18,11,Mariah Core,2025-07-22,USD,Advisory,3157184.36,6.44,15.75,14.66,4.91,29.37,28.87,MSCI AC Asia Pacific,0.1372,0.2505,2025-12-31
19,12,Carly Core,2023-06-12,USD,Discretionary,9843760.21,13.98,18.61,15.32,4.93,7.96,39.2,MSCI AC Asia Pacific,-0.0578,0.0836,2025-12-31
20,12,Carly Growth,2020-10-04,USD,Discretionary,9867242.65,2.27,11.06,34.36,8.85,26.54,16.92,MSCI AC Asia Pacific,0.0989,0.1723,2025-12-31
21,13,Jasmine Core,2019-06-12,USD,Advisory,4865097.2,12.25,2.31,24.52,10.71,19.45,30.76,MSCI AC Asia Pacific,0.0136,0.3855,2025-12-31
22,13,Jasmine Growth,2022-05-14,USD,Advisory,6209833.86,20.37,7.51,6.39,3.41,21.05,41.27,MSCI AC Asia Pacific,-0.0653,-0.0565,2025-12-31
23,14,Michael Core,2025-06-06,USD,Advisory,1766360.29,20.17,8.21,32.4,2.93,9.14,27.15,MSCI AC Asia Pacific,-0.1885,0.0822,2025-12-31
24,15,Natasha Core,2023-10-13,USD,Discretionary,4014262.02,28.49,25.93,11.89,13.71,7.12,12.86,MSCI AC Asia Pacific,0.1502,0.1254,2025-12-31
25,16,Philip Core,2025-09-10,USD,Execution-Only,4829270.56,23.88,24.27,15.71,9.94,17.4,8.8,Cash + 1.5%,-0.0905,0.1846,2025-12-31
26,17,Erin Core,2025-12-11,USD,Advisory,4677548.52,7.73,18.27,16.21,17.52,16.0,24.27,MSCI AC Asia Pacific,-0.1072,0.0458,2025-12-31
27,18,Ashley Core,2025-11-11,USD,Discretionary,10548318.57,10.27,12.09,20.54,10.92,32.59,13.59,MSCI AC Asia Pacific,0.1606,-0.3545,2025-12-31
28,18,Ashley Growth,2025-03-22,USD,Discretionary,7722547.21,6.53,36.48,22.69,24.67,3.61,6.02,MSCI AC Asia Pacific,-0.0353,0.2256,2025-12-31
29,18,Ashley Income,2024-10-06,USD,Discretionary,2213671.97,12.04,9.44,21.34,18.84,29.85,8.49,MSCI AC Asia Pacific,-0.0263,0.2409,2025-12-31
30,19,Chad Core,2024-12-03,USD,Advisory,3484637.02,23.92,5.03,5.29,11.08,17.3,37.38,MSCI AC Asia Pacific,0.0023,0.1409,2025-12-31
31,20,Marcus Core,2021-03-28,USD,Execution-Only,10412475.34,13.1,34.83,25.62,3.66,7.11,15.68,Cash + 1.5%,0.1094,0.393,2025-12-31
32,20,Marcus Growth,2024-01-10,USD,Execution-Only,175231.96,21.23,15.22,11.22,7.55,34.92,9.86,Cash + 1.5%,0.4059,0.2468,2025-12-31
33,20,Marcus Income,2020-09-12,USD,Execution-Only,9704236.84,31.41,14.12,4.4,2.07,20.93,27.07,Cash + 1.5%,-0.0393,0.2351,2025-12-31
34,21,Johnny Core,2025-12-08,USD,Discretionary,3536951.84,23.52,19.81,6.06,21.94,8.16,20.51,MSCI AC Asia Pacific,0.1144,0.0688,2025-12-31
35,22,Mrs. Core,2020-04-19,USD,Execution-Only,7796847.01,16.26,16.77,36.06,16.89,10.39,3.63,Cash + 1.5%,0.0371,0.3546,2025-12-31
36,23,Stephanie Core,2025-05-14,USD,Discretionary,65713011.52,20.0,17.36,7.12,30.11,14.29,11.12,MSCI AC Asia Pacific,-0.2438,-0.1156,2025-12-31
37,24,Christopher Core,2021-12-18,USD,Execution-Only,3383177.37,27.78,6.01,23.16,29.31,2.31,11.43,Cash + 1.5%,0.4004,-0.1035,2025-12-31
38,24,Christopher Growth,2025-07-06,USD,Execution-Only,162996796.25,27.6,47.51,4.42,2.91,15.87,1.69,Cash + 1.5%,0.132,0.2597,2025-12-31
39,25,Leah Core,2025-05-31,USD,Discretionary,3640132.73,12.31,4.84,18.84,47.33,10.2,6.48,MSCI AC Asia Pacific,0.0516,-0.061,2025-12-31
40,26,Jenna Core,2023-09-02,USD,Discretionary,4850137.26,14.82,14.9,7.8,13.01,27.81,21.66,MSCI AC Asia Pacific,0.2434,0.1211,2025-12-31
41,27,Brian Core,2025-11-12,USD,Advisory,19089080.42,9.91,49.6,9.2,21.45,4.88,4.96,MSCI AC Asia Pacific,0.2765,-0.011,2025-12-31
42,27,Brian Growth,2025-07-18,USD,Advisory,2822897.13,25.66,11.93,10.87,9.24,13.85,28.45,MSCI AC Asia Pacific,-0.012,0.0556,2025-12-31
43,27,Brian Income,2025-09-03,USD,Advisory,3250794.19,20.14,4.96,10.66,7.44,29.87,26.93,MSCI AC Asia Pacific,0.1337,0.1386,2025-12-31
44,28,Lisa Core,2024-07-29,USD,Discretionary,2609601.55,5.76,33.17,12.71,14.75,22.92,10.69,MSCI AC Asia Pacific,0.1958,0.1014,2025-12-31
45,29,Debra Core,2023-09-10,USD,Advisory,3319939.12,13.52,9.48,5.45,6.5,36.13,28.92,MSCI AC Asia Pacific,0.13,0.0304,2025-12-31
46,30,Jennifer Core,2023-11-11,USD,Discretionary,4807998.65,14.34,4.22,33.66,12.48,26.31,8.99,MSCI AC Asia Pacific,0.0195,0.1589,2025-12-31
47,31,Valerie Core,2019-08-26,USD,Discretionary,17359429.23,6.42,18.25,5.73,46.04,12.13,11.43,MSCI AC Asia Pacific,0.218,0.1074,2025-12-31
48,32,Lori Core,2023-05-15,USD,Execution-Only,21689443.31,22.85,12.54,6.92,7.27,12.87,37.55,Cash + 1.5%,0.1957,-0.1647,2025-12-31
49,33,Eric Core,2025-02-24,USD,Advisory,4110699.34,9.81,28.57,24.63,5.73,9.9,21.36,MSCI AC Asia Pacific,-0.1406,0.3353,2025-12-31
50,34,Susan Core,2022-04-26,USD,Discretionary,2659471.58,2.59,23.79,17.23,43.69,7.49,5.21,MSCI AC Asia Pacific,-0.0332,0.0101,2025-12-31
51,35,Tanner Core,2025-05-07,USD,Execution-Only,26336198.76,24.42,12.23,21.51,6.31,17.71,17.82,Cash + 1.5%,0.2526,0.0432,2025-12-31
52,36,Tina Core,2025-07-22,USD,Execution-Only,63152796.2,2.2,37.14,17.19,4.98,15.16,23.33,Cash + 1.5%,0.2284,0.0269,2025-12-31
53,36,Tina Growth,2025-11-12,USD,Execution-Only,23412549.73,7.53,21.07,41.96,9.76,6.16,13.52,Cash + 1.5%,0.019,-0.1058,2025-12-31
54,36,Tina Income,2025-11-05,USD,Execution-Only,34235671.09,19.58,39.57,16.55,13.21,7.56,3.53,Cash + 1.5%,0.0796,-0.0238,2025-12-31
55,37,Cory Core,2022-06-25,USD,Advisory,14478155.39,34.83,7.3,5.31,13.22,26.2,13.14,MSCI AC Asia Pacific,-0.081,0.2489,2025-12-31
56,38,Caleb Core,2025-11-03,USD,Discretionary,63891316.0,8.49,48.58,11.03,12.24,9.4,10.26,MSCI AC Asia Pacific,0.0632,0.0881,2025-12-31
57,39,Andrew Core,2024-09-05,USD,Discretionary,1267030.27,14.03,0.69,46.52,16.73,16.32,5.71,MSCI AC Asia Pacific,0.1819,-0.1276,2025-12-31
58,39,Andrew Growth,2024-12-04,USD,Discretionary,27850989.06,6.86,25.73,31.5,22.44,4.78,8.69,MSCI AC Asia Pacific,0.2196,0.1212,2025-12-31
59,40,Miss Core,2025-05-14,USD,Advisory,24905680.42,20.07,24.89,6.1,40.66,5.69,2.59,MSCI AC Asia Pacific,0.024,0.0259,2025-12-31
60,41,Randall Core,2022-12-22,USD,Advisory,15887178.63,36.59,6.5,3.06,3.56,36.39,13.9,MSCI AC Asia Pacific,0.0364,0.1327,2025-12-31
61,42,Matthew Core,2022-02-21,USD,Discretionary,1503319.51,16.24,19.11,19.63,22.03,3.05,19.94,MSCI AC Asia Pacific,0.1832,0.3515,2025-12-31
62,42,Matthew Growth,2025-09-25,USD,Discretionary,20201392.25,15.39,11.35,9.08,20.64,7.43,36.11,MSCI AC Asia Pacific,0.1378,-0.1211,2025-12-31
63,43,Teresa Core,2025-08-04,USD,Advisory,1202639.35,21.74,18.65,30.33,2.22,4.62,22.44,MSCI AC Asia Pacific,-0.029,0.1188,2025-12-31
64,43,Teresa Growth,2025-05-24,USD,Advisory,16011806.82,10.12,11.26,4.87,7.89,38.82,27.04,MSCI AC Asia Pacific,0.021,-0.0506,2025-12-31
65,44,Christopher Core,2025-07-18,USD,Discretionary,51748238.23,14.18,12.28,7.05,9.26,14.79,42.44,MSCI AC Asia Pacific,0.1785,0.0812,2025-12-31
66,44,Christopher Growth,2023-10-04,USD,Discretionary,6774368.94,14.83,22.15,22.65,2.49,33.46,4.42,MSCI AC Asia Pacific,-0.0034,0.1238,2025-12-31
67,44,Christopher Income,2024-07-01,USD,Discretionary,65043433.19,10.17,21.62,19.0,8.38,19.18,21.65,MSCI AC Asia Pacific,-0.057,0.0864,2025-12-31
68,45,Samantha Core,2022-09-15,USD,Advisory,18533852.28,17.6,34.25,14.93,4.11,22.9,6.21,MSCI AC Asia Pacific,0.1702,0.182,2025-12-31
69,45,Samantha Growth,2020-07-20,USD,Advisory,5471345.1,27.47,15.82,1.48,21.42,14.43,19.38,MSCI AC Asia Pacific,0.0845,0.1301,2025-12-31
70,46,Angela Core,2024-09-24,USD,Advisory,4473844.79,12.6,7.91,30.84,8.42,31.62,8.61,MSCI AC Asia Pacific,0.0307,0.2062,2025-12-31
71,47,Mrs. Core,2022-04-23,USD,Discretionary,22161275.46,11.93,1.88,4.88,13.13,7.29,60.89,MSCI AC Asia Pacific,-0.0769,0.343,2025-12-31
72,48,Cody Core,2019-09-20,USD,Discretionary,3354100.55,11.51,22.95,28.97,11.79,13.0,11.78,MSCI AC Asia Pacific,0.0429,-0.1076,2025-12-31
73,49,Alexander Core,2025-12-20,USD,Discretionary,3375244.78,23.51,7.77,3.56,13.59,7.75,43.82,MSCI AC Asia Pacific,-0.123,0.4508,2025-12-31
74,50,Jonathan Core,2020-08-25,USD,Execution-Only,811980.65,28.26,18.26,18.91,12.82,7.38,14.37,Cash + 1.5%,0.3413,0.1494,2025-12-31
75,50,Jonathan Growth,2019-05-27,USD,Execution-Only,17766377.34,26.67,5.53,10.07,38.41,5.47,13.85,Cash + 1.5%,-0.04,-0.02,2025-12-31
76,50,Jonathan Income,2020-12-06,USD,Execution-Only,2612510.11,25.55,12.15,16.88,14.12,11.48,19.82,Cash + 1.5%,0.1255,0.1405,2025-12-31
77,51,Brittany Core,2024-07-03,USD,Advisory,58545121.66,23.47,12.92,16.49,19.38,10.7,17.04,MSCI AC Asia Pacific,-0.0025,-0.1469,2025-12-31
78,51,Brittany Growth,2021-02-09,USD,Advisory,56535148.45,8.67,13.29,31.68,10.09,23.32,12.95,MSCI AC Asia Pacific,0.0507,0.2014,2025-12-31
79,52,Paige Core,2025-09-09,USD,Advisory,1160926.69,18.74,14.04,11.69,2.46,31.72,21.35,MSCI AC Asia Pacific,0.1588,0.1649,2025-12-31
80,53,Gregory Core,2025-09-06,USD,Discretionary,1643299.41,9.69,41.55,14.25,3.68,5.99,24.84,MSCI AC Asia Pacific,0.0971,0.0068,2025-12-31
81,54,Henry Core,2025-06-28,USD,Advisory,141802265.7,15.86,6.6,6.04,35.39,16.06,20.05,MSCI AC Asia Pacific,-0.0301,0.1351,2025-12-31
82,55,Brandi Core,2024-04-06,USD,Execution-Only,8035652.08,9.58,14.84,16.08,18.24,27.89,13.37,Cash + 1.5%,0.127,0.1385,2025-12-31
83,56,Candace Core,2025-10-11,USD,Advisory,3866413.3,29.58,23.57,9.3,9.45,17.67,10.43,MSCI AC Asia Pacific,0.0471,0.1399,2025-12-31
84,57,Courtney Core,2023-10-24,USD,Advisory,4736993.57,31.75,11.01,0.84,27.81,21.85,6.74,MSCI AC Asia Pacific,0.2173,0.2545,2025-12-31
85,58,Robert Core,2021-03-10,USD,Execution-Only,4731409.02,11.26,49.69,11.48,5.41,12.03,10.13,Cash + 1.5%,-0.1161,0.0951,2025-12-31
86,59,Crystal Core,2025-11-10,USD,Discretionary,26445405.91,6.31,29.86,22.5,12.39,6.84,22.1,MSCI AC Asia Pacific,-0.0138,0.0537,2025-12-31
87,59,Crystal Growth,2024-09-05,USD,Discretionary,36893724.19,15.9,24.27,11.7,30.62,11.71,5.8,MSCI AC Asia Pacific,0.0033,0.1453,2025-12-31
88,59,Crystal Income,2024-12-07,USD,Discretionary,50866740.34,8.19,17.87,7.56,36.96,16.84,12.58,MSCI AC Asia Pacific,0.0488,0.2472,2025-12-31
89,60,Patrick Core,2025-07-01,USD,Discretionary,4876814.52,22.27,42.78,18.62,2.83,9.18,4.32,MSCI AC Asia Pacific,0.1405,-0.0851,2025-12-31
90,61,William Core,2024-10-17,USD,Execution-Only,3705231.35,29.43,13.45,1.76,22.22,21.04,12.1,Cash + 1.5%,0.0348,0.0248,2025-12-31
91,61,William Growth,2024-02-21,USD,Execution-Only,11484661.37,16.8,13.55,30.56,23.84,10.29,4.96,Cash + 1.5%,0.1043,-0.0648,2025-12-31
92,61,William Income,2025-10-18,USD,Execution-Only,12833334.75,4.73,35.23,15.47,22.74,17.02,4.81,Cash + 1.5%,-0.1571,-0.015,2025-12-31
93,62,Paul Core,2025-05-05,USD,Discretionary,1976789.73,16.53,2.73,18.79,23.65,13.58,24.72,MSCI AC Asia Pacific,-0.0696,0.1709,2025-12-31
94,63,Kathleen Core,2022-11-26,USD,Discretionary,2021306.83,12.25,12.58,21.78,12.16,24.49,16.74,MSCI AC Asia Pacific,-0.0189,0.0315,2025-12-31
95,64,Zachary Core,2020-11-08,USD,Discretionary,9980424.98,8.26,23.87,7.71,28.14,21.81,10.21,MSCI AC Asia Pacific,-0.1258,0.2606,2025-12-31
96,65,Crystal Core,2024-05-31,USD,Advisory,379895.84,11.21,13.1,11.64,20.54,21.23,22.28,MSCI AC Asia Pacific,-0.0705,0.0017,2025-12-31
97,65,Crystal Growth,2021-11-19,USD,Advisory,2298475.47,29.66,3.6,9.82,13.18,29.35,14.39,MSCI AC Asia Pacific,-0.0134,-0.1075,2025-12-31
98,65,Crystal Income,2022-02-23,USD,Advisory,3547734.96,28.96,4.13,10.2,32.28,11.31,13.12,MSCI AC Asia Pacific,0.1844,0.0287,2025-12-31
99,66,Monica Core,2020-06-04,USD,Advisory,2763292.76,5.14,30.78,3.31,6.75,23.55,30.47,MSCI AC Asia Pacific,0.2748,0.0325,2025-12-31
100,67,Christopher Core,2025-08-18,USD,Advisory,4298759.25,0.52,47.24,3.09,2.23,29.31,17.61,MSCI AC Asia Pacific,0.1067,0.0961,2025-12-31
101,68,Micheal Core,2025-08-24,USD,Advisory,5316538.46,33.92,24.47,10.36,15.82,8.19,7.24,MSCI AC Asia Pacific,0.1264,0.3463,2025-12-31
102,68,Micheal Growth,2025-08-04,USD,Advisory,31427.92,40.11,4.45,8.81,17.71,22.96,5.96,MSCI AC Asia Pacific,0.1067,-0.02,2025-12-31
103,69,Katherine Core,2024-10-02,USD,Advisory,3440328.78,31.01,11.6,17.37,13.68,9.79,16.55,MSCI AC Asia Pacific,0.1907,0.1794,2025-12-31
104,70,Linda Core,2025-10-24,USD,Advisory,11897160.56,12.15,25.81,26.68,9.49,18.15,7.72,MSCI AC Asia Pacific,0.1502,-0.0624,2025-12-31
105,70,Linda Growth,2025-12-28,USD,Advisory,41165727.72,13.19,4.79,20.54,25.75,23.51,12.22,MSCI AC Asia Pacific,0.0982,-0.124,2025-12-31
106,71,Stephen Core,2025-03-30,USD,Discretionary,3197883.02,13.37,32.66,16.7,9.56,14.18,13.53,MSCI AC Asia Pacific,0.112,0.1355,2025-12-31
107,71,Stephen Growth,2022-08-18,USD,Discretionary,7233859.1,10.78,21.34,11.42,3.56,17.24,35.66,MSCI AC Asia Pacific,-0.1122,-0.0527,2025-12-31
108,72,Helen Core,2019-05-16,USD,Advisory,3651074.95,22.1,15.64,16.77,3.78,7.84,33.87,MSCI AC Asia Pacific,0.1975,-0.0077,2025-12-31
109,73,Timothy Core,2024-03-25,USD,Advisory,22426853.38,10.0,29.25,14.38,14.93,10.06,21.38,MSCI AC Asia Pacific,0.2263,-0.1486,2025-12-31
110,73,Timothy Growth,2024-12-04,USD,Advisory,2289240.48,34.3,8.96,5.0,2.57,25.6,23.57,MSCI AC Asia Pacific,0.0445,0.2979,2025-12-31
111,74,Clayton Core,2020-11-20,USD,Discretionary,2061470.03,9.04,17.37,8.63,27.25,18.66,19.05,MSCI AC Asia Pacific,0.1537,0.1081,2025-12-31
112,75,Kathy Core,2018-10-13,USD,Advisory,7265694.88,16.84,16.36,16.16,29.27,16.61,4.76,MSCI AC Asia Pacific,-0.0832,-0.0656,2025-12-31
113,75,Kathy Growth,2021-01-05,USD,Advisory,2684605.08,11.63,16.76,20.31,28.57,20.43,2.3,MSCI AC Asia Pacific,-0.1356,0.2677,2025-12-31
114,75,Kathy Income,2021-05-12,USD,Advisory,16724222.73,6.27,29.7,16.27,21.59,14.67,11.5,MSCI AC Asia Pacific,0.1898,0.1319,2025-12-31
115,76,James Core,2023-12-21,USD,Advisory,3497269.98,16.38,4.6,39.44,8.15,17.7,13.73,MSCI AC Asia Pacific,0.0794,0.0617,2025-12-31
116,77,Rebecca Core,2020-03-02,USD,Advisory,2355726.48,8.6,15.61,0.92,16.05,33.81,25.01,MSCI AC Asia Pacific,-0.0263,0.3477,2025-12-31
117,78,Cody Core,2025-06-02,USD,Advisory,3955183.99,31.54,6.88,20.12,1.38,14.39,25.69,MSCI AC Asia Pacific,0.145,0.0614,2025-12-31
118,79,Michael Core,2022-03-27,USD,Advisory,5162399.06,11.44,15.88,6.53,36.94,5.87,23.34,MSCI AC Asia Pacific,-0.1502,0.1781,2025-12-31
119,79,Michael Growth,2020-03-19,USD,Advisory,1265316.25,40.07,20.31,8.14,10.77,16.68,4.03,MSCI AC Asia Pacific,0.0383,-0.1226,2025-12-31
120,79,Michael Income,2023-10-12,USD,Advisory,3890754.84,5.15,4.76,18.07,27.28,20.41,24.33,MSCI AC Asia Pacific,0.0914,0.1756,2025-12-31
121,80,Blake Core,2023-02-04,USD,Execution-Only,3236767.1,4.91,14.94,21.5,24.56,29.62,4.47,Cash + 1.5%,-0.084,0.0976,2025-12-31
122,80,Blake Growth,2021-11-21,USD,Execution-Only,1549052.57,21.67,10.07,4.98,25.23,18.58,19.47,Cash + 1.5%,0.1223,-0.0828,2025-12-31
123,80,Blake Income,2023-04-06,USD,Execution-Only,870526.12,11.7,16.72,16.27,23.98,6.57,24.76,Cash + 1.5%,0.2329,0.1745,2025-12-31
124,81,Jennifer Core,2025-05-05,USD,Discretionary,3532688.05,20.75,16.54,7.09,28.32,12.53,14.77,MSCI AC Asia Pacific,0.2142,0.3005,2025-12-31
125,82,Christopher Core,2025-12-16,USD,Advisory,1629639.59,38.97,10.65,15.61,6.82,8.21,19.74,MSCI AC Asia Pacific,-0.0073,0.0412,2025-12-31
126,83,Selena Core,2021-04-22,USD,Advisory,3713945.02,14.6,6.82,28.62,18.59,20.89,10.48,MSCI AC Asia Pacific,0.1738,-0.1678,2025-12-31
127,84,Stephanie Core,2022-08-08,USD,Discretionary,2722620.05,26.33,11.38,8.1,8.13,2.93,43.13,MSCI AC Asia Pacific,0.0978,0.09,2025-12-31
128,85,Raymond Core,2025-11-11,USD,Discretionary,2717137.15,1.59,16.66,4.51,32.72,19.53,24.99,MSCI AC Asia Pacific,0.033,-0.0352,2025-12-31
129,86,Phillip Core,2020-04-09,USD,Discretionary,1423452.53,8.58,26.02,31.1,8.39,0.33,25.58,MSCI AC Asia Pacific,-0.0576,0.1136,2025-12-31
130,87,Christopher Core,2024-08-28,USD,Advisory,55840290.15,16.13,4.08,33.16,8.56,4.37,33.7,MSCI AC Asia Pacific,0.1737,0.1076,2025-12-31
131,87,Christopher Growth,2025-11-02,USD,Advisory,9101478.6,40.06,16.31,9.97,2.98,21.28,9.4,MSCI AC Asia Pacific,0.1666,0.3524,2025-12-31
132,87,Christopher Income,2022-07-22,USD,Advisory,24452026.38,9.7,30.7,5.97,13.96,17.03,22.64,MSCI AC Asia Pacific,0.0179,0.1526,2025-12-31
133,88,Kathleen Core,2024-05-29,USD,Discretionary,2032198.24,17.75,11.44,10.68,37.83,8.81,13.49,MSCI AC Asia Pacific,0.0854,0.023,2025-12-31
134,88,Kathleen Growth,2025-12-07,USD,Discretionary,11468968.39,20.68,6.79,23.03,20.45,17.55,11.5,MSCI AC Asia Pacific,0.0059,0.1385,2025-12-31
135,88,Kathleen Income,2024-12-13,USD,Discretionary,10495762.11,6.52,27.06,19.1,23.25,12.65,11.42,MSCI AC Asia Pacific,0.0755,-0.0224,2025-12-31
136,89,Christopher Core,2025-08-09,USD,Discretionary,1150428.98,7.89,20.6,22.45,14.57,7.43,27.06,MSCI AC Asia Pacific,-0.0485,-0.1004,2025-12-31
137,90,Eric Core,2025-09-04,USD,Execution-Only,3923082.74,19.21,25.79,10.7,6.02,15.8,22.48,Cash + 1.5%,0.0396,0.0963,2025-12-31
138,90,Eric Growth,2025-06-24,USD,Execution-Only,7782198.94,11.16,16.16,31.43,20.65,11.51,9.09,Cash + 1.5%,0.3239,0.0985,2025-12-31
139,90,Eric Income,2023-02-08,USD,Execution-Only,5828900.87,13.18,31.71,8.22,1.94,15.4,29.55,Cash + 1.5%,0.16,0.3187,2025-12-31
140,91,Charles Core,2025-07-03,USD,Discretionary,2635077.59,27.92,26.94,9.03,14.42,13.6,8.09,MSCI AC Asia Pacific,0.0567,0.3512,2025-12-31
141,92,Amy Core,2024-04-18,USD,Advisory,26011609.28,15.32,16.39,11.27,24.46,28.84,3.72,MSCI AC Asia Pacific,0.2285,0.0357,2025-12-31
142,92,Amy Growth,2024-06-30,USD,Advisory,2373127.69,7.9,30.34,11.47,4.82,14.89,30.58,MSCI AC Asia Pacific,0.2456,-0.0989,2025-12-31
143,92,Amy Income,2025-09-19,USD,Advisory,58286809.16,16.56,11.2,30.53,8.45,25.32,7.94,MSCI AC Asia Pacific,0.0583,0.2482,2025-12-31
144,93,Dalton Core,2025-07-17,USD,Execution-Only,3811323.49,8.55,27.18,32.35,16.12,11.75,4.05,Cash + 1.5%,-0.1063,0.0529,2025-12-31
145,94,Anna Core,2023-05-01,USD,Discretionary,1906172.19,20.4,6.58,13.38,22.76,18.35,18.53,MSCI AC Asia Pacific,0.175,0.1876,2025-12-31
146,95,Barbara Core,2024-07-31,USD,Advisory,9842176.2,5.14,24.17,14.74,16.1,7.49,32.36,MSCI AC Asia Pacific,-0.0389,-0.0843,2025-12-31
147,95,Barbara Growth,2024-10-16,USD,Advisory,6976156.97,8.92,12.99,23.1,9.75,23.54,21.7,MSCI AC Asia Pacific,0.0049,-0.0776,2025-12-31
148,95,Barbara Income,2024-06-17,USD,Advisory,7459112.16,4.95,23.79,14.87,36.35,11.17,8.87,MSCI AC Asia Pacific,0.2312,0.0643,2025-12-31
149,96,Sharon Core,2025-03-26,USD,Discretionary,13725307.33,19.36,30.04,9.23,8.77,10.58,22.02,MSCI AC Asia Pacific,-0.1046,-0.2274,2025-12-31
150,96,Sharon Growth,2025-01-26,USD,Discretionary,13874051.12,6.58,17.89,29.33,21.54,0.41,24.25,MSCI AC Asia Pacific,0.1147,0.2476,2025-12-31
151,97,Anthony Core,2023-12-06,USD,Discretionary,124271926.72,18.88,12.1,23.17,31.14,4.31,10.4,MSCI AC Asia Pacific,0.1337,-0.1739,2025-12-31
152,98,John Core,2024-09-08,USD,Discretionary,1106680.76,18.59,25.24,10.01,19.61,10.11,16.44,MSCI AC Asia Pacific,-0.0367,-0.1118,2025-12-31
153,99,Jake Core,2024-06-26,USD,Discretionary,22401799.71,17.95,2.17,9.73,12.11,44.87,13.17,MSCI AC Asia Pacific,-0.1724,-0.3497,2025-12-31
154,100,Jeremy Core,2019-08-22,USD,Advisory,2679302.18,16.72,30.65,14.66,9.52,18.1,10.35,MSCI AC Asia Pacific,0.1619,-0.0043,2025-12-31
155,101,Joseph Core,2020-11-20,USD,Discretionary,3657485.21,3.29,25.13,39.58,16.27,8.67,7.06,MSCI AC Asia Pacific,-0.2771,-0.1622,2025-12-31
156,102,Hannah Core,2024-07-20,USD,Discretionary,3989266.37,1.45,16.44,19.33,20.71,25.2,16.87,MSCI AC Asia Pacific,-0.0448,0.2776,2025-12-31
157,103,Charles Core,2023-07-14,USD,Advisory,7437592.49,29.29,30.19,15.21,5.12,16.7,3.49,MSCI AC Asia Pacific,-0.028,-0.0502,2025-12-31
158,103,Charles Growth,2025-10-09,USD,Advisory,2884296.97,23.45,19.68,25.22,6.03,5.15,20.47,MSCI AC Asia Pacific,-0.1716,0.0667,2025-12-31
159,103,Charles Income,2020-12-12,USD,Advisory,6293683.03,19.09,1.99,7.4,37.43,23.17,10.92,MSCI AC Asia Pacific,0.0828,0.1417,2025-12-31
160,104,David Core,2025-06-26,USD,Discretionary,13274657.41,4.96,36.75,38.59,2.77,7.61,9.32,MSCI AC Asia Pacific,0.0481,0.3523,2025-12-31
161,104,David Growth,2023-02-02,USD,Discretionary,2551706.06,8.21,22.67,24.66,16.68,15.49,12.29,MSCI AC Asia Pacific,0.3081,-0.1097,2025-12-31
162,104,David Income,2022-06-17,USD,Discretionary,1008630.72,9.74,33.79,19.68,9.14,11.01,16.64,MSCI AC Asia Pacific,0.0119,-0.0077,2025-12-31
163,105,Kayla Core,2024-10-01,USD,Advisory,50832788.4,49.57,21.52,6.81,8.28,5.47,8.35,MSCI AC Asia Pacific,0.1466,-0.0332,2025-12-31
164,105,Kayla Growth,2025-02-13,USD,Advisory,10915668.17,28.82,2.19,12.58,18.43,27.73,10.25,MSCI AC Asia Pacific,-0.0503,0.2237,2025-12-31
165,105,Kayla Income,2025-08-07,USD,Advisory,52606091.94,3.87,15.38,15.67,39.69,9.57,15.82,MSCI AC Asia Pacific,0.1404,-0.0561,2025-12-31
166,106,Cassandra Core,2023-05-18,USD,Advisory,2783663.05,16.77,12.4,2.02,29.57,7.69,31.55,MSCI AC Asia Pacific,-0.1895,-0.1007,2025-12-31
167,107,Cody Core,2024-01-28,USD,Advisory,4550279.28,12.32,15.91,19.22,13.77,11.01,27.77,MSCI AC Asia Pacific,0.1686,-0.0331,2025-12-31
168,107,Cody Growth,2021-06-26,USD,Advisory,10604976.51,26.91,17.29,12.78,9.0,23.68,10.34,MSCI AC Asia Pacific,-0.0617,0.0511,2025-12-31
169,108,Jeremiah Core,2025-05-09,USD,Discretionary,35505505.08,20.2,7.07,20.12,16.07,18.38,18.16,MSCI AC Asia Pacific,0.1698,0.0734,2025-12-31
170,109,Kristi Core,2021-09-21,USD,Advisory,2547949.52,42.34,18.65,8.77,10.72,16.98,2.54,MSCI AC Asia Pacific,0.3356,-0.1948,2025-12-31
171,110,Lisa Core,2025-12-14,USD,Advisory,1351162.96,23.88,17.64,21.66,8.32,10.52,17.98,MSCI AC Asia Pacific,-0.0171,0.2975,2025-12-31
172,111,Daniel Core,2021-07-16,USD,Discretionary,17718893.63,22.12,21.18,4.22,33.14,3.9,15.44,MSCI AC Asia Pacific,-0.1089,0.0965,2025-12-31
173,112,Jacob Core,2025-03-19,USD,Advisory,9276226.31,16.94,4.03,19.84,48.23,9.41,1.55,MSCI AC Asia Pacific,0.0523,0.0691,2025-12-31
174,112,Jacob Growth,2024-11-21,USD,Advisory,142931615.87,11.43,19.86,17.69,17.56,13.56,19.9,MSCI AC Asia Pacific,0.1122,0.3301,2025-12-31
175,113,Joel Core,2019-08-10,USD,Discretionary,4865058.46,6.07,27.66,21.58,8.59,11.34,24.76,MSCI AC Asia Pacific,-0.1434,0.0967,2025-12-31
176,114,Tonya Core,2023-12-05,USD,Advisory,11265132.72,11.58,5.82,24.26,18.06,18.5,21.78,MSCI AC Asia Pacific,-0.0679,-0.06,2025-12-31
177,115,Tracy Core,2018-12-18,USD,Discretionary,4695718.9,6.96,37.32,12.61,20.11,18.32,4.68,MSCI AC Asia Pacific,-0.0633,0.1537,2025-12-31
178,116,James Core,2025-09-07,USD,Discretionary,21047682.23,4.27,21.33,20.93,34.12,15.76,3.59,MSCI AC Asia Pacific,-0.13,0.0288,2025-12-31
179,117,Craig Core,2025-02-17,USD,Discretionary,4952093.48,28.0,32.87,4.26,18.23,14.02,2.62,MSCI AC Asia Pacific,0.2171,-0.0783,2025-12-31
180,118,Jodi Core,2022-08-01,USD,Discretionary,3461509.78,11.69,8.89,4.38,45.62,18.56,10.86,MSCI AC Asia Pacific,0.1258,0.2899,2025-12-31
181,119,Jessica Core,2025-06-01,USD,Advisory,2572968.74,16.02,11.82,29.55,8.91,12.47,21.23,MSCI AC Asia Pacific,0.0965,0.3837,2025-12-31
182,120,George Core,2024-03-16,USD,Advisory,153676370.77,10.07,21.61,19.83,21.74,22.9,3.85,MSCI AC Asia Pacific,0.1734,0.1867,2025-12-31
183,121,Jessica Core,2023-10-25,USD,Discretionary,20276078.53,6.54,39.51,12.38,19.88,14.01,7.68,MSCI AC Asia Pacific,0.0937,0.0983,2025-12-31
184,122,Matthew Core,2025-08-11,USD,Advisory,3425042.09,9.76,5.85,19.43,45.08,6.49,13.39,MSCI AC Asia Pacific,-0.0799,0.1297,2025-12-31
185,123,James Core,2025-08-25,USD,Advisory,8025175.8,29.02,9.96,4.13,23.73,17.74,15.42,MSCI AC Asia Pacific,-0.1072,0.1725,2025-12-31
186,123,James Growth,2025-10-21,USD,Advisory,4469588.32,1.3,44.66,4.15,13.25,11.54,25.1,MSCI AC Asia Pacific,-0.0821,0.3496,2025-12-31
187,124,Noah Core,2025-08-30,USD,Discretionary,128340636.48,17.05,21.02,8.89,18.51,24.45,10.08,MSCI AC Asia Pacific,0.1933,0.3612,2025-12-31
188,125,Michael Core,2025-08-31,USD,Discretionary,2675121.19,16.61,12.33,38.27,10.44,5.19,17.16,MSCI AC Asia Pacific,-0.011,0.1416,2025-12-31
189,126,Michael Core,2025-12-07,USD,Advisory,108142800.44,33.3,18.1,11.79,7.97,18.91,9.93,MSCI AC Asia Pacific,0.0661,0.1106,2025-12-31
190,127,Christina Core,2024-09-18,USD,Advisory,2919213.69,11.58,8.95,8.93,37.38,2.15,31.01,MSCI AC Asia Pacific,0.1159,0.2052,2025-12-31
191,128,Vincent Core,2024-06-19,USD,Discretionary,3856565.15,40.95,5.13,3.65,16.84,19.3,14.13,MSCI AC Asia Pacific,0.0904,-0.0604,2025-12-31
192,129,David Core,2019-02-19,USD,Advisory,3679335.86,48.18,2.96,6.33,3.96,12.03,26.54,MSCI AC Asia Pacific,0.0546,0.2654,2025-12-31
193,130,Wendy Core,2021-06-12,USD,Execution-Only,4740128.39,21.02,4.43,11.55,21.54,15.69,25.77,Cash + 1.5%,0.0287,0.0538,2025-12-31
194,131,Andrea Core,2019-09-15,USD,Discretionary,4685883.53,37.86,6.25,2.61,20.92,21.35,11.01,MSCI AC Asia Pacific,0.0464,0.0554,2025-12-31
195,132,Gary Core,2024-03-31,USD,Execution-Only,72839352.74,10.79,10.81,47.09,10.09,4.94,16.28,Cash + 1.5%,0.0021,0.1064,2025-12-31
196,132,Gary Growth,2025-06-27,USD,Execution-Only,5536128.16,10.01,20.6,8.89,37.54,15.68,7.28,Cash + 1.5%,-0.0083,0.0939,2025-12-31
197,133,Rachel Core,2025-06-10,USD,Advisory,2180097.03,25.14,18.07,3.42,29.15,17.1,7.12,MSCI AC Asia Pacific,0.0536,0.0611,2025-12-31
198,134,Mary Core,2023-03-18,USD,Discretionary,2534297.56,17.65,22.24,14.24,17.21,21.56,7.1,MSCI AC Asia Pacific,-0.0332,-0.1079,2025-12-31
199,135,Paul Core,2023-11-01,USD,Execution-Only,3010081.88,25.45,23.63,0.69,11.63,6.7,31.9,Cash + 1.5%,-0.0736,-0.0825,2025-12-31
200,136,James Core,2025-12-14,USD,Advisory,3196938.04,3.48,11.58,22.29,16.08,25.46,21.11,MSCI AC Asia Pacific,0.0874,0.0183,2025-12-31
201,137,Kimberly Core,2024-09-19,USD,Advisory,3628762.33,7.66,8.57,12.26,36.69,22.44,12.38,MSCI AC Asia Pacific,0.1036,0.1298,2025-12-31
202,137,Kimberly Growth,2025-02-27,USD,Advisory,2278168.5,29.97,2.92,7.22,11.49,40.99,7.41,MSCI AC Asia Pacific,-0.1044,0.0829,2025-12-31
203,137,Kimberly Income,2025-06-04,USD,Advisory,637020.36,26.47,15.84,5.97,26.11,14.1,11.51,MSCI AC Asia Pacific,0.2181,-0.2717,2025-12-31
204,138,Jean Core,2024-06-07,USD,Discretionary,1222543.22,30.15,15.29,24.46,12.98,4.21,12.91,MSCI AC Asia Pacific,0.031,-0.0402,2025-12-31
205,139,Rebecca Core,2024-01-24,USD,Advisory,2694789.54,2.97,16.24,19.21,24.06,16.83,20.69,MSCI AC Asia Pacific,-0.1916,-0.0181,2025-12-31
206,140,John Core,2025-12-31,USD,Discretionary,4971426.39,5.86,35.78,35.36,6.96,7.16,8.88,MSCI AC Asia Pacific,0.0557,0.0897,2025-12-31
207,141,Randall Core,2024-07-25,USD,Advisory,4914897.51,13.01,18.99,7.24,45.89,11.85,3.02,MSCI AC Asia Pacific,0.1092,0.1185,2025-12-31
208,142,Charles Core,2025-07-27,USD,Discretionary,88917686.4,9.72,8.63,8.93,17.69,30.3,24.73,MSCI AC Asia Pacific,-0.233,0.0936,2025-12-31
209,142,Charles Growth,2024-02-20,USD,Discretionary,10143797.86,14.87,27.5,11.46,12.52,21.42,12.23,MSCI AC Asia Pacific,0.2314,0.1893,2025-12-31
210,142,Charles Income,2024-05-12,USD,Discretionary,54192586.54,9.6,18.71,22.49,22.06,22.22,4.92,MSCI AC Asia Pacific,-0.0217,-0.0505,2025-12-31
211,143,David Core,2025-10-20,USD,Discretionary,4454920.97,13.13,9.02,2.62,18.82,32.33,24.08,MSCI AC Asia Pacific,0.0566,0.1279,2025-12-31
212,144,Craig Core,2025-02-20,USD,Discretionary,15339005.16,8.32,41.72,8.76,25.29,14.13,1.78,MSCI AC Asia Pacific,0.225,-0.1285,2025-12-31
213,145,Michael Core,2024-09-01,USD,Advisory,2505840.75,24.0,14.62,10.93,13.21,29.44,7.8,MSCI AC Asia Pacific,0.0931,-0.0431,2025-12-31
214,146,Marissa Core,2022-06-01,USD,Advisory,1813346.93,6.35,4.96,45.38,19.16,11.81,12.34,MSCI AC Asia Pacific,0.2348,0.2749,2025-12-31
215,147,Angela Core,2025-03-10,USD,Advisory,4046785.67,5.87,4.57,34.81,1.5,22.84,30.41,MSCI AC Asia Pacific,0.1254,0.085,2025-12-31
216,148,Brandon Core,2023-02-20,USD,Advisory,1970372.73,36.85,3.64,15.35,4.56,20.15,19.45,MSCI AC Asia Pacific,0.1141,0.2039,2025-12-31
217,149,Erin Core,2024-06-16,USD,Advisory,6991538.54,16.05,27.5,21.82,4.47,17.93,12.23,MSCI AC Asia Pacific,0.0376,0.3222,2025-12-31
218,149,Erin Growth,2024-10-09,USD,Advisory,1547653.27,17.37,22.09,38.9,1.01,15.94,4.69,MSCI AC Asia Pacific,0.0903,-0.0075,2025-12-31
219,149,Erin Income,2024-08-08,USD,Advisory,14521147.53,19.53,51.06,10.0,6.62,8.88,3.91,MSCI AC Asia Pacific,-0.0473,0.1772,2025-12-31
220,150,Joanne Core,2024-10-12,USD,Discretionary,2319461.14,7.06,8.64,42.35,3.25,11.08,27.62,MSCI AC Asia Pacific,0.0095,-0.079,2025-12-31
221,151,Mark Core,2025-05-09,USD,Discretionary,3186185.31,2.21,19.4,28.84,17.71,19.44,12.4,MSCI AC Asia Pacific,-0.0672,-0.1355,2025-12-31
222,152,Jose Core,2023-01-29,USD,Discretionary,3828678.25,33.82,1.38,11.2,21.9,2.56,29.14,MSCI AC Asia Pacific,0.19,0.2586,2025-12-31
223,153,Jonathan Core,2025-12-24,USD,Execution-Only,11868518.43,8.36,5.76,22.97,18.94,8.21,35.76,Cash + 1.5%,-0.0786,0.181,2025-12-31
224,154,Shelly Core,2025-10-17,USD,Execution-Only,3260008.73,7.81,15.63,24.23,25.59,19.84,6.9,Cash + 1.5%,0.1091,0.2131,2025-12-31
225,155,Jason Core,2025-10-16,USD,Advisory,1685534.3,9.77,7.94,12.9,22.51,28.32,18.56,MSCI AC Asia Pacific,-0.1229,-0.1125,2025-12-31
226,156,Ryan Core,2023-11-01,USD,Advisory,182882980.65,9.17,11.07,14.23,4.97,8.63,51.93,MSCI AC Asia Pacific,-0.0781,0.0984,2025-12-31
227,157,Elijah Core,2023-02-04,USD,Discretionary,4586103.07,28.42,5.49,3.78,31.7,6.01,24.6,MSCI AC Asia Pacific,0.0196,0.0998,2025-12-31
228,158,Christopher Core,2024-04-22,USD,Advisory,85484029.99,23.24,24.41,18.93,9.94,20.19,3.29,MSCI AC Asia Pacific,0.0091,-0.1367,2025-12-31
229,159,Elizabeth Core,2025-12-30,USD,Discretionary,1831523.17,21.94,10.74,9.22,21.56,29.84,6.7,MSCI AC Asia Pacific,0.1615,-0.0498,2025-12-31
230,159,Elizabeth Growth,2025-12-30,USD,Discretionary,10713296.79,14.43,10.25,35.3,9.42,5.11,25.49,MSCI AC Asia Pacific,0.0436,0.0161,2025-12-31
231,159,Elizabeth Income,2025-12-30,USD,Discretionary,10282893.36,15.42,9.97,13.2,22.34,19.46,19.61,MSCI AC Asia Pacific,0.0399,-0.0902,2025-12-31
232,160,Michael Core,2025-06-02,USD,Advisory,2723918.06,7.03,13.87,16.56,19.6,35.99,6.95,MSCI AC Asia Pacific,0.0072,-0.0523,2025-12-31
233,161,Joseph Core,2024-04-13,USD,Execution-Only,14510594.29,21.62,21.17,13.65,4.04,7.32,32.2,Cash + 1.5%,0.2223,0.1524,2025-12-31
234,161,Joseph Growth,2025-03-26,USD,Execution-Only,935118.06,12.49,20.71,3.56,49.02,1.6,12.62,Cash + 1.5%,-0.075,0.0741,2025-12-31
235,161,Joseph Income,2025-03-22,USD,Execution-Only,3542701.28,2.49,31.74,7.38,13.23,19.04,26.12,Cash + 1.5%,0.0923,0.0367,2025-12-31
236,162,Michael Core,2025-01-18,USD,Discretionary,2006798.95,23.94,7.58,18.42,27.11,9.92,13.03,MSCI AC Asia Pacific,0.0138,0.2014,2025-12-31
237,163,Patrick Core,2025-07-26,USD,Advisory,2338944.89,17.22,26.35,5.14,25.23,5.34,20.72,MSCI AC Asia Pacific,0.141,0.1131,2025-12-31
238,164,Robert Core,2022-11-06,USD,Discretionary,3303517.13,15.16,17.05,15.58,26.03,16.18,10.0,MSCI AC Asia Pacific,-0.0999,0.271,2025-12-31
239,165,Sara Core,2025-02-05,USD,Advisory,4190742.08,2.81,19.39,26.08,8.34,5.5,37.88,MSCI AC Asia Pacific,-0.1486,0.1485,2025-12-31
240,166,Tracie Core,2025-11-13,USD,Advisory,2603220.39,20.83,6.97,33.54,8.5,15.68,14.48,MSCI AC Asia Pacific,0.18,0.1726,2025-12-31
241,167,Thomas Core,2025-04-05,USD,Advisory,13875220.49,7.02,13.88,5.02,16.86,43.24,13.98,MSCI AC Asia Pacific,0.257,0.0499,2025-12-31
242,168,Mason Core,2024-12-28,USD,Advisory,4089368.93,12.76,32.79,28.28,12.32,2.22,11.63,MSCI AC Asia Pacific,0.1589,0.173,2025-12-31
243,169,Ms. Core,2025-11-13,USD,Advisory,4137079.99,6.65,24.99,12.69,19.03,25.04,11.6,MSCI AC Asia Pacific,-0.1538,-0.0052,2025-12-31
244,170,Lisa Core,2023-11-21,USD,Discretionary,4180612.63,33.71,5.51,24.47,7.24,6.9,22.17,MSCI AC Asia Pacific,-0.1037,-0.1598,2025-12-31
245,170,Lisa Growth,2022-08-25,USD,Discretionary,9582526.88,56.11,2.41,15.02,10.7,13.91,1.85,MSCI AC Asia Pacific,0.1079,0.2956,2025-12-31
246,170,Lisa Income,2021-12-26,USD,Discretionary,8165343.81,1.43,10.22,9.98,38.77,17.22,22.38,MSCI AC Asia Pacific,0.0338,0.1179,2025-12-31
247,171,Darlene Core,2024-10-11,USD,Discretionary,1150111.17,63.76,6.2,9.68,4.84,9.97,5.55,MSCI AC Asia Pacific,-0.041,0.303,2025-12-31
248,171,Darlene Growth,2023-02-15,USD,Discretionary,25927323.19,4.32,7.77,15.84,19.81,39.17,13.09,MSCI AC Asia Pacific,-0.1131,0.1169,2025-12-31
249,172,Raymond Core,2025-06-23,USD,Advisory,1455819.88,27.08,16.46,13.21,3.86,24.81,14.58,MSCI AC Asia Pacific,0.2127,0.2463,2025-12-31
250,173,Tiffany Core,2022-10-10,USD,Advisory,12436120.87,15.72,19.68,28.07,6.42,8.89,21.22,MSCI AC Asia Pacific,-0.0626,0.3171,2025-12-31
251,174,Bryan Core,2024-05-07,USD,Advisory,1385910.94,12.89,6.99,23.66,3.59,19.08,33.79,MSCI AC Asia Pacific,-0.125,0.0479,2025-12-31
252,174,Bryan Growth,2025-05-15,USD,Advisory,3143425.32,23.14,19.64,21.45,20.57,4.7,10.5,MSCI AC Asia Pacific,0.1714,-0.0254,2025-12-31
253,174,Bryan Income,2024-09-30,USD,Advisory,17806486.9,17.47,7.51,7.57,13.53,34.16,19.76,MSCI AC Asia Pacific,0.189,0.2083,2025-12-31
254,175,Corey Core,2024-02-13,USD,Advisory,3246328.31,2.61,25.16,14.47,19.79,15.52,22.45,MSCI AC Asia Pacific,0.2303,0.2818,2025-12-31
255,176,Christina Core,2025-07-24,USD,Discretionary,3150434.47,18.98,21.52,22.12,6.06,14.18,17.14,MSCI AC Asia Pacific,-0.1417,0.1497,2025-12-31
256,177,Michelle Core,2025-05-12,USD,Discretionary,1874167.74,12.89,9.87,24.41,29.48,20.34,3.01,MSCI AC Asia Pacific,-0.046,0.2948,2025-12-31
257,178,Zachary Core,2025-12-30,USD,Advisory,4242810.87,12.46,5.93,21.97,3.69,53.68,2.27,MSCI AC Asia Pacific,0.2649,-0.0472,2025-12-31
258,179,John Core,2025-01-19,USD,Discretionary,3816215.05,16.42,4.81,0.42,48.14,14.62,15.59,MSCI AC Asia Pacific,0.2409,0.3011,2025-12-31
259,180,Timothy Core,2021-02-07,USD,Advisory,1990218.96,12.49,33.2,3.39,7.56,29.36,14.0,MSCI AC Asia Pacific,-0.1033,-0.2348,2025-12-31
260,181,Crystal Core,2025-04-01,USD,Advisory,12375868.21,14.63,18.22,27.75,2.71,31.85,4.84,MSCI AC Asia Pacific,0.2558,0.0867,2025-12-31
261,181,Crystal Growth,2024-06-17,USD,Advisory,94922392.13,4.2,23.55,15.05,8.83,21.22,27.15,MSCI AC Asia Pacific,0.2706,-0.0333,2025-12-31
262,182,Charles Core,2025-11-23,USD,Execution-Only,4686891.41,2.37,13.47,18.62,13.24,32.64,19.66,Cash + 1.5%,0.1111,-0.2431,2025-12-31
263,182,Charles Growth,2025-09-12,USD,Execution-Only,367862.96,21.03,31.67,15.68,12.16,17.75,1.71,Cash + 1.5%,-0.1111,-0.0351,2025-12-31
264,182,Charles Income,2025-11-12,USD,Execution-Only,3210101.9,14.83,12.35,18.11,27.18,20.26,7.27,Cash + 1.5%,0.1998,0.213,2025-12-31
265,183,Cheryl Core,2024-02-05,USD,Discretionary,3754367.53,22.51,29.17,25.99,17.12,4.29,0.92,MSCI AC Asia Pacific,0.1652,-0.0394,2025-12-31
266,184,Ariana Core,2025-04-16,USD,Advisory,3621940.91,20.69,11.83,10.72,18.22,25.83,12.71,MSCI AC Asia Pacific,-0.0834,0.1805,2025-12-31
267,185,Theresa Core,2022-12-29,USD,Discretionary,1283313.22,13.77,19.64,11.95,15.94,18.87,19.83,MSCI AC Asia Pacific,0.0675,-0.0396,2025-12-31
268,186,Richard Core,2025-01-06,USD,Discretionary,16663197.17,12.61,7.66,36.63,11.24,20.21,11.65,MSCI AC Asia Pacific,-0.0014,0.1034,2025-12-31
269,186,Richard Growth,2023-09-28,USD,Discretionary,3594783.81,31.85,11.92,32.32,10.2,2.51,11.2,MSCI AC Asia Pacific,-0.1401,-0.1079,2025-12-31
270,187,Margaret Core,2025-09-01,USD,Advisory,2717554.97,35.74,18.63,10.1,8.15,10.73,16.65,MSCI AC Asia Pacific,0.1435,-0.0776,2025-12-31
271,188,Patricia Core,2024-03-25,USD,Advisory,3584679.1,23.59,5.67,12.52,24.99,27.6,5.63,MSCI AC Asia Pacific,-0.0067,-0.2612,2025-12-31
272,189,Dr. Core,2024-12-09,USD,Advisory,2547353.0,4.36,9.13,3.94,22.25,22.24,38.08,MSCI AC Asia Pacific,0.0768,0.1808,2025-12-31
273,190,Keith Core,2023-06-29,USD,Advisory,2145951.2,2.85,30.54,21.51,11.59,18.84,14.67,MSCI AC Asia Pacific,-0.0449,-0.2317,2025-12-31
274,191,Kelly Core,2025-12-28,USD,Discretionary,170540.89,4.34,5.68,18.94,14.08,29.61,27.35,MSCI AC Asia Pacific,-0.1177,-0.2261,2025-12-31
275,191,Kelly Growth,2025-06-13,USD,Discretionary,17811462.0,4.09,14.11,8.45,37.32,27.0,9.03,MSCI AC Asia Pacific,-0.1048,0.0237,2025-12-31
276,191,Kelly Income,2025-11-14,USD,Discretionary,427751.42,6.52,31.61,9.7,1.48,5.17,45.52,MSCI AC Asia Pacific,0.0704,-0.1124,2025-12-31
277,192,Amber Core,2024-02-16,USD,Advisory,3664318.32,11.61,10.44,28.12,33.48,11.42,4.93,MSCI AC Asia Pacific,-0.0565,-0.2024,2025-12-31
278,193,Daryl Core,2018-06-22,USD,Discretionary,4124495.92,19.36,7.46,21.62,17.5,18.38,15.68,MSCI AC Asia Pacific,0.0079,0.3634,2025-12-31
279,194,Kathleen Core,2024-08-01,USD,Discretionary,11245845.33,23.65,31.72,23.0,3.26,5.42,12.95,MSCI AC Asia Pacific,0.1522,0.1711,2025-12-31
280,194,Kathleen Growth,2024-11-19,USD,Discretionary,8707841.06,7.85,13.13,3.14,5.56,16.54,53.78,MSCI AC Asia Pacific,0.0215,-0.0079,2025-12-31
281,194,Kathleen Income,2024-11-04,USD,Discretionary,38416150.36,40.17,3.23,12.55,9.34,15.37,19.34,MSCI AC Asia Pacific,0.241,0.0565,2025-12-31
282,195,Colleen Core,2025-11-17,USD,Advisory,175772483.62,26.93,14.72,33.69,4.95,14.73,4.98,MSCI AC Asia Pacific,0.0234,-0.0368,2025-12-31
283,196,Rebekah Core,2025-01-12,USD,Advisory,1892740.24,22.77,19.89,18.96,28.86,7.66,1.86,MSCI AC Asia Pacific,-0.0493,0.0438,2025-12-31
284,197,Emily Core,2025-08-09,USD,Advisory,3490870.1,14.7,6.38,17.78,6.91,32.54,21.69,MSCI AC Asia Pacific,0.2531,0.2612,2025-12-31
285,198,Christine Core,2025-05-14,USD,Discretionary,3351558.9,22.61,15.05,6.27,31.13,19.36,5.58,MSCI AC Asia Pacific,0.1906,-0.1055,2025-12-31
286,198,Christine Growth,2023-11-01,USD,Discretionary,833672.64,12.81,15.37,39.61,5.88,5.85,20.48,MSCI AC Asia Pacific,-0.0499,0.1953,2025-12-31
287,198,Christine Income,2024-05-11,USD,Discretionary,1054638.96,12.1,25.1,19.24,2.95,16.15,24.46,MSCI AC Asia Pacific,0.0469,0.0364,2025-12-31
288,199,Larry Core,2022-06-16,USD,Advisory,76792201.87,19.45,11.41,14.51,43.43,6.36,4.84,MSCI AC Asia Pacific,-0.123,0.2123,2025-12-31
289,199,Larry Growth,2021-10-08,USD,Advisory,41566865.27,10.36,6.67,22.53,27.62,16.83,15.99,MSCI AC Asia Pacific,0.099,0.0694,2025-12-31
290,200,Brandy Core,2024-02-22,USD,Discretionary,187427131.8,30.01,2.49,5.96,41.1,3.17,17.27,MSCI AC Asia Pacific,-0.0919,-0.0996,2025-12-31
